Bevis,(176) 690-2123
Whoopi,(408) 884-8927
Phyllis,(985) 334-6357
Briar,(230) 251-4818
Yasir,(968) 457-6255
Aristotle,(183) 557-0282
Levi,(941) 280-2702
Hanna,(869) 631-1822
Nomlanga,(672) 485-2011
Kameko,(334) 351-3751
Heidi,(477) 695-8134
Valentine,(577) 108-1234
Kelsey,(770) 808-3227
Yardley,(939) 510-8603
Ignatius,(744) 666-9126
Stacy,(349) 281-4614
Alfonso,(192) 288-1128
Meghan,(743) 434-6029
Joseph,(313) 460-5005
Zephr,(367) 179-3661
Calista,(955) 425-6209
Hollee,(430) 480-4306
Abigail,(877) 814-5264
Richard,(280) 652-6560
Savannah,(746) 780-8507
Evan,(864) 317-8659
Julian,(560) 736-4441
Sonia,(187) 172-1458
Ayanna,(112) 708-2037
Medge,(450) 194-4025
Xenos,(167) 371-8628
Reed,(568) 388-6640
Claire,(501) 952-1021
Naomi,(944) 230-4189
Rooney,(726) 583-9954
Yasir,(734) 945-1621
Brooke,(624) 776-5642
Shana,(277) 566-9056
Herrod,(168) 685-8965
Eden,(229) 886-2143
Sonia,(285) 886-4504
Catherine,(910) 590-1532
Ralph,(306) 927-3665
Kay,(233) 878-8207
Hedda,(123) 148-3666
Oprah,(360) 106-7528
Whitney,(677) 550-5335
Marsden,(760) 707-3746
Heather,(574) 249-4399
Astra,(646) 790-0568
Dara,(753) 580-9544
Eliana,(857) 801-8914
Isaiah,(814) 819-5023
Kirsten,(574) 669-1120
Neville,(187) 266-2111
Drew,(504) 555-7802
Megan,(593) 504-7017
Tanner,(885) 617-7292
Dylan,(578) 957-0845
Noel,(897) 377-4462
Courtney,(283) 955-9883
Macey,(731) 539-9967
Veronica,(496) 230-7620
Kamal,(690) 289-0258
Kerry,(739) 628-3987
Travis,(482) 569-7643
Lilah,(554) 466-9416
Ray,(220) 950-7292
Brenda,(277) 244-5800
Halee,(550) 144-2024
Gavin,(339) 311-2424
Brenna,(155) 514-5170
Nissim,(811) 342-4867
Chloe,(503) 727-9680
Dana,(553) 805-6024
Chava,(466) 714-2967
Alice,(943) 740-6421
Veronica,(609) 260-3128
Rhonda,(849) 379-8598
Yuli,(363) 328-5371
Hayfa,(720) 861-0498
Wing,(917) 902-8821
Jane,(647) 400-1149
Jared,(571) 776-7656
Pearl,(357) 546-7503
Addison,(870) 891-3869
Lillian,(863) 439-0063
Kyla,(589) 165-1959
Ralph,(687) 716-3022
Oscar,(660) 560-2966
Rooney,(674) 284-6812
Mannix,(998) 639-8564
Conan,(798) 828-4960
Maya,(125) 583-6105
Britanni,(815) 701-3431
India,(296) 135-6427
Mohammad,(715) 287-1489
Logan,(466) 500-7259
Buffy,(205) 769-9366
Levi,(374) 998-8841
Kuame,(166) 248-6498
Iliana,(550) 544-1104
Teegan,(538) 426-8329
Ali,(814) 788-7632
Daquan,(477) 988-9375
Natalie,(588) 272-4733
Sloane,(707) 773-9963
Nita,(325) 229-8754
Meredith,(564) 711-0408
Kamal,(752) 152-7890
Charlotte,(624) 502-0595
Carly,(332) 547-4221
Prescott,(522) 801-7033
Elmo,(883) 199-9402
Richard,(472) 124-2327
Morgan,(556) 637-9607
Joelle,(583) 478-4067
Oscar,(889) 313-5900
Jayme,(767) 554-5390
Chaim,(439) 289-8667
Jessica,(606) 955-9597
Colin,(718) 371-1735
Chelsea,(370) 256-8314
Giselle,(749) 345-2170
Ethan,(520) 748-1903
Minerva,(152) 745-9996
Hall,(897) 428-1216
Kaitlin,(349) 259-1852
Joan,(809) 498-3621
Lynn,(158) 960-1354
Orson,(552) 571-0968
Amanda,(620) 556-7727
Drew,(179) 282-7293
Reese,(375) 475-9655
Vincent,(605) 372-5556
Dominique,(571) 753-7819
Mallory,(734) 231-7803
Tiger,(556) 802-3647
Irma,(650) 128-1158
Karen,(908) 187-0166
Molly,(347) 573-9586
Beck,(863) 775-2601
Plato,(825) 627-2944
Harriet,(201) 597-2581
Chloe,(279) 706-7145
Guy,(116) 735-1893
Shelly,(288) 914-7268
Akeem,(650) 321-6857
Alexandra,(243) 862-8909
Quinlan,(988) 451-0416
Anne,(293) 462-8321
Quintessa,(694) 873-9619
Kelsey,(121) 225-2963
Sasha,(974) 267-4751
Merritt,(994) 391-4864
Cameron,(754) 473-9129
Suki,(614) 462-9788
Preston,(317) 455-0977
Kelly,(213) 604-7034
Dexter,(889) 177-9542
Nicholas,(262) 762-5477
Libby,(126) 607-9407
Faith,(980) 776-1033
Nayda,(603) 858-5246
Lamar,(226) 911-9949
Quamar,(555) 175-4020
Brian,(787) 540-0151
Hadassah,(205) 304-7922
Kareem,(832) 472-6733
Lesley,(180) 281-7059
Bethany,(121) 500-7255
Kimberley,(892) 160-4965
Raven,(766) 836-3373
Leonard,(995) 968-5233
Claire,(748) 787-3450
Brenda,(285) 818-6545
Jasper,(141) 804-2469
Samuel,(467) 201-6028
Veronica,(861) 626-0711
Dawn,(392) 726-3157
Rae,(398) 458-6384
Aline,(902) 610-7230
Claudia,(674) 315-7830
Quail,(233) 107-8477
John,(136) 108-3109
Ulysses,(520) 108-3064
Ishmael,(944) 729-4034
Guinevere,(154) 896-8853
Britanni,(631) 472-0160
Mari,(279) 119-4534
Brennan,(730) 419-9504
Urielle,(296) 408-1042
Rylee,(429) 375-6173
Joelle,(776) 662-6118
Beatrice,(831) 641-0604
Victor,(976) 638-2730
Justina,(161) 333-4242
Kaitlin,(689) 785-7257
Alexis,(233) 161-3664
Edan,(866) 208-6232
Brandon,(399) 872-2534
Sonia,(744) 881-3242
Wanda,(130) 803-1243
Ciara,(419) 744-0937
Irma,(853) 995-3153
Jolie,(625) 937-3797
Tucker,(853) 453-6275
Raven,(146) 788-2228
Ignatius,(877) 505-4843
Helen,(879) 232-9800
Genevieve,(771) 593-8776
Jared,(615) 164-5983
Mona,(750) 149-0437
Casey,(521) 808-6632
Rana,(833) 383-1208
Piper,(282) 196-3688
Sopoline,(979) 835-0539
Theodore,(727) 130-1272
Brielle,(930) 676-4654
Francesca,(526) 932-3210
Karleigh,(918) 920-7526
Uriah,(336) 982-4269
Jane,(397) 620-7256
Idona,(467) 532-7010
Freya,(891) 243-7380
Drake,(665) 737-2027
Nicole,(920) 200-3032
Zelenia,(544) 917-7203
Thor,(602) 433-5004
Destiny,(262) 202-5320
Quemby,(709) 572-5111
Chanda,(455) 805-8579
Demetria,(113) 476-6843
Risa,(485) 646-7581
August,(491) 887-6797
Walter,(306) 174-4028
Tatiana,(843) 528-3497
Harriet,(262) 820-8991
Ariana,(617) 168-3471
Wallace,(161) 905-8790
Haviva,(286) 276-1877
Amethyst,(586) 321-0400
Benedict,(391) 889-8830
Odette,(924) 633-3138
Adria,(112) 216-2275
Castor,(830) 818-1261
Indira,(178) 419-6097
Cameron,(283) 815-5664
Wynter,(721) 643-1572
Gray,(655) 625-5967
September,(959) 515-2559
Stella,(752) 178-8924
Keane,(707) 357-9359
Ulysses,(540) 166-6652
Cameron,(838) 718-9637
Maggie,(291) 995-5940
Hilda,(511) 277-7085
Hyatt,(725) 621-9981
Vanna,(108) 558-9525
Paki,(365) 146-9906
Drake,(625) 824-6336
Grady,(318) 114-2625
Gloria,(767) 357-3209
Julie,(577) 130-3046
Colorado,(373) 890-9547
Clio,(207) 939-0345
Brendan,(255) 395-7570
Ethan,(283) 288-6508
Macey,(870) 873-3345
Summer,(988) 554-2674
Kathleen,(163) 929-9058
Rinah,(665) 998-4574
Gareth,(699) 925-7707
Gabriel,(565) 466-0446
Brooke,(951) 806-6492
Jeanette,(827) 594-5670
Emily,(449) 943-4053
Martina,(626) 391-2160
Iris,(453) 800-6130
Linda,(390) 631-1787
Aspen,(500) 622-2366
Shelly,(149) 200-4067
Ava,(744) 962-7332
Ina,(486) 519-2782
Cyrus,(833) 884-5653
Amos,(926) 390-5249
Bell,(242) 269-9927
Dylan,(561) 917-4474
Octavia,(567) 529-9101
MacKensie,(322) 322-4940
Leslie,(697) 442-1896
Lee,(618) 609-6268
Jena,(816) 156-5521
Kylan,(150) 369-2248
Hasad,(344) 306-9917
Bevis,(886) 542-7688
Callie,(808) 721-2145
Lillith,(986) 676-8576
Hyatt,(518) 794-5764
Shellie,(511) 642-0980
Sacha,(565) 351-9154
Hamish,(423) 881-4209
Imani,(258) 458-2667
Fritz,(308) 400-8442
Neil,(715) 967-9610
Caesar,(147) 863-4477
Kadeem,(505) 690-9277
Hermione,(260) 956-1681
Beverly,(697) 942-6171
Demetria,(372) 374-0482
Carl,(917) 624-4459
Hunter,(398) 650-3736
Julian,(502) 907-8297
Illiana,(637) 171-5759
Malachi,(541) 589-8544
Lillian,(646) 428-3039
Hall,(101) 268-7541
Alice,(779) 654-9006
Iola,(707) 637-9319
Graiden,(319) 195-5052
Russell,(584) 984-0488
Keane,(648) 332-4356
Kasper,(674) 135-6631
Ivor,(702) 217-0926
Hayley,(297) 431-9064
Petra,(150) 627-9316
Hiroko,(485) 295-4596
Keegan,(798) 898-4465
Zahir,(712) 405-5790
Lynn,(515) 161-9266
Driscoll,(542) 486-0468
Keith,(825) 383-2897
Aline,(576) 669-2228
Nichole,(525) 139-6154
Ila,(182) 400-3818
Lester,(842) 875-0624
Ulric,(852) 824-3784
Kennan,(286) 324-3001
Laura,(393) 809-1490
Arsenio,(283) 620-5656
Laith,(298) 629-6449
Heather,(883) 808-7099
Tanya,(351) 317-8830
Oren,(279) 134-5384
Cherokee,(222) 102-0913
Kelly,(366) 154-4625
Evangeline,(266) 620-4616
Wanda,(479) 688-7240
Shay,(103) 659-8030
Rajah,(960) 917-1865
Marcia,(625) 507-9050
Caesar,(966) 947-2451
Carla,(613) 331-9875
Blossom,(301) 901-5034
Orla,(941) 766-2887
Aladdin,(203) 302-0633
Nora,(537) 698-9459
Sharon,(765) 483-2634
Nita,(777) 973-3107
Kylynn,(845) 739-2270
Stone,(347) 673-0107
Stacy,(866) 208-2840
Dara,(976) 808-6178
Madeline,(553) 855-8246
William,(189) 907-3102
Ulric,(609) 561-2577
Baker,(256) 748-0081
Tashya,(809) 640-6602
Omar,(984) 109-8809
Ian,(768) 579-3881
Zane,(774) 840-8688
Joseph,(295) 284-2789
Ignacia,(741) 680-4902
Quinlan,(401) 598-3835
Ruby,(976) 494-2889
Ferris,(951) 101-0294
Gil,(103) 931-2892
Laith,(665) 183-9879
Ifeoma,(894) 997-8409
Joseph,(498) 526-5421
Bell,(729) 218-8027
Warren,(769) 454-4598
Jarrod,(746) 491-6124
Ezekiel,(264) 144-2139
Simone,(334) 789-6744
Candice,(281) 352-5957
Kylie,(970) 401-7001
Holly,(582) 550-9911
Remedios,(333) 582-0689
Hayes,(834) 114-1286
Bradley,(216) 206-3135
Kieran,(704) 910-8046
Isabella,(875) 488-2493
Lane,(656) 288-5433
Kalia,(826) 816-3812
Kimberly,(754) 678-5141
Madaline,(134) 998-2230
Karyn,(996) 724-8495
Xaviera,(417) 368-7747
Angela,(969) 891-1961
Judith,(972) 516-2672
Eaton,(533) 780-5700
Jane,(794) 513-2781
Imelda,(165) 791-4149
Kibo,(863) 821-8355
Emerald,(104) 431-1462
Charity,(201) 352-7486
Casey,(244) 437-9909
Yasir,(522) 747-2794
Reagan,(173) 457-2194
Mikayla,(470) 269-1696
Trevor,(333) 161-9090
Shelby,(344) 165-0023
Robin,(354) 361-2304
Naomi,(443) 643-5527
Willa,(685) 386-5248
Quon,(914) 137-1745
Clarke,(816) 271-4510
Graiden,(732) 484-8728
Rylee,(791) 508-9607
Rae,(794) 949-0537
Suki,(617) 194-3730
Melanie,(457) 353-4301
Emmanuel,(607) 602-9815
Theodore,(858) 496-6921
Justina,(940) 383-3969
Andrew,(451) 649-7986
Kitra,(794) 364-5795
Charlotte,(980) 310-9103
Maite,(290) 270-9356
Gareth,(199) 547-4094
Shana,(970) 171-0172
Barrett,(848) 931-4045
Venus,(504) 354-1921
Phelan,(315) 526-2571
Yardley,(503) 753-1026
Brooke,(796) 216-4237
Indira,(926) 552-2727
Otto,(642) 963-2249
Christopher,(103) 755-1300
Marah,(752) 979-1567
Xena,(965) 288-6707
Sylvester,(454) 967-9746
Denton,(650) 575-1450
Benjamin,(229) 197-0764
Daria,(139) 826-2989
Julie,(942) 566-0772
Adara,(729) 526-1692
Amir,(803) 432-2272
Perry,(173) 771-4912
Ciara,(174) 781-6025
Brendan,(594) 827-6456
Calista,(929) 179-1912
Myra,(695) 765-9165
Ava,(233) 997-4583
Sharon,(846) 755-8724
Otto,(813) 415-0662
Zorita,(929) 664-5033
Jayme,(910) 597-8456
Macaulay,(907) 414-0349
Kylynn,(462) 812-1571
Mira,(876) 650-0260
Darryl,(543) 947-3426
Bertha,(552) 878-5953
Madison,(291) 303-9063
Jillian,(929) 764-9355
Sybill,(836) 795-2213
Dahlia,(462) 753-3973
Donna,(708) 202-7505
Thane,(728) 341-4838
Kelly,(651) 990-7234
Gage,(363) 549-5082
Flynn,(758) 807-1827
Ina,(463) 536-8890
Kimberley,(459) 300-1338
Xander,(260) 988-1535
Dakota,(796) 374-2806
Hammett,(194) 118-4986
May,(854) 760-0227
Chastity,(809) 428-3823
Sawyer,(749) 589-3451
Ali,(187) 199-3612
Madeline,(158) 997-1368
Patience,(636) 561-1811
Nichole,(826) 862-9880
Hollee,(793) 516-1937
Cruz,(928) 137-2541
Scott,(194) 383-1978
Stewart,(149) 758-0310
Macy,(910) 745-1541
Isabella,(833) 252-8309
Roth,(154) 967-0730
Shoshana,(472) 987-3922
Geraldine,(548) 732-8208
Samson,(584) 381-6800
Madison,(394) 134-2678
Aphrodite,(653) 836-9244
Andrew,(979) 138-1344
Galvin,(857) 383-0636
Channing,(755) 457-8987
Nasim,(780) 693-0378
Stone,(416) 723-1949
Justina,(130) 810-6874
Marcia,(795) 299-8882
Armando,(503) 812-3173
Honorato,(815) 883-5292
Denise,(642) 521-3418
Kaitlin,(566) 797-5312
Jelani,(713) 165-0986
Hadley,(116) 241-4269
Whitney,(369) 112-2460
Leroy,(902) 612-4754
Sierra,(273) 316-9052
Odessa,(539) 763-3693
Nichole,(298) 435-0842
Lacota,(756) 447-9644
Adena,(406) 742-6899
Randall,(831) 439-7555
Brandon,(385) 972-4128
Edan,(957) 225-1138
Justin,(528) 504-0553
Holly,(221) 473-6565
Basia,(473) 184-3799
Yvette,(840) 345-8790
Audrey,(248) 513-2646
Hope,(862) 309-2991
Gregory,(948) 536-4366
Rinah,(519) 846-3001
Nolan,(337) 367-2701
Chloe,(975) 518-2867
Alea,(664) 394-2025
Jin,(971) 799-7117
Silas,(620) 548-1298
Ruby,(407) 828-0839
Leslie,(565) 447-4151
Imogene,(669) 571-4597
Magee,(759) 667-8533
Eden,(977) 629-2338
Winter,(337) 473-3590
Byron,(857) 643-9868
Lucian,(448) 362-6519
Uriah,(937) 362-2641
Curran,(276) 565-1515
Adrian,(187) 252-3513
Stephen,(955) 281-5947
Omar,(124) 649-7997
Rhiannon,(703) 938-1770
Erin,(311) 571-8589
Renee,(362) 341-2299
Ciaran,(385) 293-9962
Brianna,(768) 854-7529
Ciara,(426) 648-5308
Colby,(601) 991-5122
Sean,(214) 589-7811
Boris,(875) 629-6112
Bo,(310) 462-6907
Blythe,(539) 408-6293
Amanda,(503) 564-6859
Alika,(637) 806-8872
Charde,(772) 635-5761
Oscar,(963) 422-8224
Mariko,(927) 615-4472
Brooke,(184) 641-1591
Charity,(344) 537-8838
Brent,(142) 696-3173
Yvonne,(394) 409-3216
Merrill,(610) 308-6897
Galvin,(332) 864-6949
Thaddeus,(830) 862-9385
Keegan,(985) 754-7279
Levi,(182) 452-8416
Raja,(244) 447-2931
Stacey,(884) 367-0630
Kameko,(540) 734-8920
Jackson,(738) 558-8677
Leila,(202) 808-1037
Kim,(448) 938-1339
Quin,(243) 130-7068
Athena,(871) 781-1575
Amanda,(644) 568-7559
Amos,(993) 964-6544
Donovan,(621) 837-5871
Gavin,(260) 935-5364
Florence,(140) 405-9585
Phillip,(930) 789-4036
Maia,(350) 913-5675
Audra,(701) 396-1441
Rowan,(586) 537-7930
Keegan,(496) 752-4131
Blair,(540) 265-6731
Lucy,(169) 738-0434
Jane,(110) 461-7722
Dacey,(348) 706-1221
Rosalyn,(282) 996-3414
Latifah,(271) 359-4717
Channing,(142) 664-8729
Mallory,(595) 239-2754
Kalia,(760) 717-9899
George,(259) 647-8333
Galena,(946) 973-5182